{
  "mappings": [
    {
      "asset_id": "contract-001",
      "source_txt": "data\\contracts\\contract-001-v1.txt",
      "pdf_path": "pdf_output\\data\\contracts\\contract-001-v1.pdf",
      "pdf_exists": true,
      "pdf_mtime": "2025-11-24T21:22:46.815935",
      "pdf_sha256": "21ffcc1752ef7875ddc7da56b765388956349aeeea02ba5bcfe1a72ebe54094f",
      "pdf_size_bytes": 1818,
      "txt_size_bytes": 176,
      "txt_sha256": "8a6b6a70c0589ea268f9afb4aa70f95ca2e539add12529dca756c000c6905c2d",
      "amendments": [],
      "index_file": "data\\contracts_index.json",
      "processed_results": "processed_results.json",
      "processed_results_excerpt": null,
      "rag_results": "rag_results.txt",
      "rag_results_excerpt": null,
      "notes": []
    },
    {
      "asset_id": "contract-002",
      "source_txt": "data\\contracts\\contract-002-v1.txt",
      "pdf_path": "pdf_output\\data\\contracts\\contract-002-v1.pdf",
      "pdf_exists": true,
      "pdf_mtime": "2025-11-24T21:22:46.817934",
      "pdf_sha256": "f84ed28d069cbcc8400ed5ab70b8450a58a72afeb614b0737f2db03ecf4f07c3",
      "pdf_size_bytes": 1798,
      "txt_size_bytes": 138,
      "txt_sha256": "a3cefcdb5a3115f934500a7d2e0358fba5ca0f15686021f5046fec11c907afc0",
      "amendments": [],
      "index_file": "data\\contracts_index.json",
      "processed_results": "processed_results.json",
      "processed_results_excerpt": null,
      "rag_results": "rag_results.txt",
      "rag_results_excerpt": null,
      "notes": []
    },
    {
      "asset_id": "CT001",
      "source_txt": "Dataset\\contracts\\CT001-v2.txt",
      "pdf_path": "pdf_output\\Dataset\\contracts\\CT001-v2.pdf",
      "pdf_exists": true,
      "pdf_mtime": "2025-11-24T21:22:47.788695",
      "pdf_sha256": "f13b5a17ff43f4e34c587373240bc5b020bc6aa35e2700d84593aa0c6ab48c37",
      "pdf_size_bytes": 1866,
      "txt_size_bytes": 216,
      "txt_sha256": "d9ffa94340b4d59458500b9657d50f44d6819e7263bed2ca8a5a95df5ea68546",
      "amendments": [
        {
          "asset_id": "CT001",
          "amendment_id": "CT001-amend-v2",
          "date": "2025-11-23T15:28:20.778709",
          "summary": "Update from v1 to v2",
          "changed_files": [
            "Dataset\\contracts\\CT001-v2.txt"
          ],
          "author": null
        }
      ],
      "index_file": "Dataset\\contracts_index.json",
      "processed_results": "processed_results.json",
      "processed_results_excerpt": null,
      "rag_results": "rag_results.txt",
      "rag_results_excerpt": null,
      "notes": [
        "REG-EU-001"
      ]
    },
    {
      "asset_id": "CT002",
      "source_txt": "Dataset\\contracts\\CT002-v2.txt",
      "pdf_path": "pdf_output\\Dataset\\contracts\\CT002-v2.pdf",
      "pdf_exists": true,
      "pdf_mtime": "2025-11-24T21:22:47.792696",
      "pdf_sha256": "e6baee9c6943169fdc435b96572812ca729c886d3cacf062866ea18873a3c7ea",
      "pdf_size_bytes": 1867,
      "txt_size_bytes": 230,
      "txt_sha256": "7b92473045453bd4c0f5d26035c96c8cc4642939057adf048bea733ce8bab9ff",
      "amendments": [
        {
          "asset_id": "CT002",
          "amendment_id": "CT002-amend-v2",
          "date": "2025-11-23T15:31:20.862237",
          "summary": "Update from v1 to v2",
          "changed_files": [
            "Dataset\\contracts\\CT002-v2.txt"
          ],
          "author": null
        }
      ],
      "index_file": "Dataset\\contracts_index.json",
      "processed_results": "processed_results.json",
      "processed_results_excerpt": null,
      "rag_results": "rag_results.txt",
      "rag_results_excerpt": null,
      "notes": [
        "REG-IN-001"
      ]
    }
  ]
}